Username,Inputs,Risk Level,Recommendation
310623104126,"{'Smoking (packs/month)': 32.0, 'Alcohol (drinks/week)': 14.0, 'Family Cancer History': 1.0, 'Physical Activity (hours/week)': 6.0, 'Processed Food Intake (per week)': 10.0, 'BMI': 20.0, 'Age': 17.98, 'Pollution Exposure (scale 1-10)': 5.0, 'Occupational Hazard': 0.99, 'CA 19-9': 55.0, 'Bilirubin': 0.42, 'HIV Status': 0.0}",1,"The predicted cancer risk is low (Level 1), which is good news. However, some of the provided health data raises concerns that need addressing to maintain this low risk, especially considering the young age of 17.98.  Here's a personalized plan:

**High Priority Concerns:**

* **Smoking (32 packs/month):** This is extremely high and the single biggest risk factor in the provided data.  Smoking significantly increases the risk of various cancers, lung disease, and cardiovascular problems.  **Immediate and complete cessation is crucial.**  Seek support from a doctor, counselor, or support group. Nicotine replacement therapy or other medications can help manage withdrawal symptoms.

* **Alcohol (14 drinks/week):**  This level of alcohol consumption is also very high, especially for someone under the legal drinking age.  High alcohol intake increases the risk of several cancers, liver damage, and other health issues.  **Reduce alcohol consumption significantly or abstain completely.**  If struggling with alcohol dependence, professional help is recommended.

* **Processed Food Intake (10 per week):** While the number itself isn't extremely high, reducing processed food intake is always beneficial.  Focus on whole, unprocessed foods like fruits, vegetables, lean proteins, and whole grains.

**Important Considerations:**

* **Family Cancer History (1.0):**  While a family history of cancer increases risk, it's not solely deterministic.  Maintaining a healthy lifestyle is even more critical in this case.  Discuss genetic testing and screening options with a doctor to assess individual risk and develop a personalized prevention plan.

* **CA 19-9 (55.0):** While this marker can be elevated in some cancers, it's not specific and can be raised in other conditions.  It's essential to discuss this result with a doctor to determine the cause and any necessary follow-up.

**Positive Aspects & Recommendations for Improvement:**

* **Physical Activity (6 hours/week):** This is good. Aim to maintain or increase this level.  Regular exercise reduces cancer risk and improves overall health.  Varying the types of exercise (cardio, strength training, flexibility) is beneficial.

* **BMI (20.0):**  Maintaining a healthy BMI is important. Continue to follow a balanced diet and exercise regularly.

* **Pollution Exposure (5.0):** Moderate exposure.  While complete avoidance might be difficult, try to minimize exposure where possible (e.g., air purifiers, avoiding high-traffic areas).

* **Occupational Hazard (0.99):** This seems low, but it's essential to understand the specific nature of the hazard and take appropriate safety precautions at work.

* **HIV Status (0.0):**  Negative status is good.  Continue practicing safe sex to maintain this status.


**Personalized Lifestyle Recommendations Summary:**

1. **Quit smoking immediately.** Seek professional help.
2. **Significantly reduce or eliminate alcohol consumption.**
3. **Decrease processed food intake.** Focus on whole, unprocessed foods.
4. **Discuss family cancer history and CA 19-9 results with a doctor.** Consider genetic testing and personalized screening plans.
5. **Maintain or increase physical activity levels.**
6. **Continue maintaining a healthy BMI.**
7. **Minimize pollution exposure where possible.**
8. **Ensure workplace safety precautions are followed.**


This personalized plan emphasizes addressing the high-risk factors (smoking and alcohol) while maintaining and improving existing healthy habits.  Regular check-ups with a doctor are essential for ongoing monitoring and personalized advice.  Since the user is young, early intervention and lifestyle changes can significantly reduce long-term cancer risk.
"
310623104126,"{'Smoking (packs/month)': 22.0, 'Alcohol (drinks/week)': 8.0, 'Family Cancer History': 1.0, 'Physical Activity (hours/week)': 6.0, 'Processed Food Intake (per week)': 8.0, 'BMI': 22.0, 'Age': 19.0, 'Pollution Exposure (scale 1-10)': 6.0, 'Occupational Hazard': 1.0, 'CA 19-9': 45.0, 'Bilirubin': 0.3, 'HIV Status': 0.0}",1,"The predicted cancer risk level is 1 (which we'll assume means low), which is good. However, several lifestyle factors need attention to maintain this and reduce long-term risk.  Here's a personalized plan based on the provided data:

**Critical Focus Areas:**

* **Smoking Cessation:** 22 packs/month is extremely high and significantly increases the risk of various cancers, as well as other serious health problems. This needs to be the top priority.  Consider professional help, nicotine replacement therapy, support groups, and counseling to develop a quit plan.
* **Reduce Alcohol Consumption:** 8 drinks per week, while not excessive for some adults, can still contribute to certain cancer risks.  Aiming for lower intake, closer to recommended guidelines (e.g., no more than 1 drink/day for women, 2 for men), would be beneficial.
* **Processed Food Intake:** 8 servings per week is moderate, but reducing this further would improve overall health and potentially reduce cancer risk.  Focus on whole, unprocessed foods like fruits, vegetables, and lean proteins.

**Important Considerations:**

* **Family Cancer History:** While you have a family history of cancer (indicated by 1.0, though the specific cancer type is unknown), your current predicted risk is low.  Maintaining a healthy lifestyle becomes even more crucial given this family predisposition.  Discuss screening options and genetic testing with your doctor to understand your specific risks.
* **Physical Activity:** 6 hours per week is good, but striving for at least 150 minutes of moderate-intensity or 75 minutes of vigorous-intensity aerobic activity per week, along with strength training twice a week, is ideal for overall health and cancer prevention.

**Maintain and Enhance:**

* **BMI:** A BMI of 22.0 is within the healthy range. Maintain this healthy weight through a balanced diet and regular exercise.
* **Pollution Exposure:** While you can't entirely control your environment, be mindful of pollution levels.  Consider wearing a mask in highly polluted areas and advocate for cleaner air initiatives.
* **Occupational Hazard:** The value of 1.0 suggests a low occupational hazard, but be aware of any potential risks in your workplace and follow safety guidelines.
* **CA 19-9 & Bilirubin:** These markers are within normal ranges, which is positive.  Continue routine check-ups and blood work.
* **HIV Status:** Negative HIV status is good.  Continue practicing safe behaviors.

**Personalized Recommendations:**

1. **Develop a Smoking Cessation Plan:**  This is the single most impactful change you can make. Talk to your doctor immediately.
2. **Create a Meal Plan:** Emphasize fruits, vegetables, whole grains, and lean proteins. Limit processed foods, sugary drinks, and red meat.
3. **Increase Physical Activity:** Explore activities you enjoy and gradually increase the intensity and duration of your workouts.
4. **Manage Stress:**  Chronic stress can impact health. Explore stress-reducing techniques like yoga, meditation, or spending time in nature.
5. **Regular Health Check-ups:** Discuss your family history with your doctor and get recommended screenings and vaccinations.
6. **Limit Alcohol:**  Be mindful of your alcohol intake and aim to stay within recommended guidelines.
7. **Stay Informed:** Learn about cancer prevention strategies and stay updated on the latest research.

**Important Note:**  This information is for general guidance only and should not be considered medical advice.  It's crucial to consult with your doctor or a qualified healthcare professional for personalized recommendations based on your specific situation and medical history. They can help you interpret your CA 19-9 and bilirubin levels in the context of your overall health and determine the most appropriate course of action.
"
310623104126,"{'Smoking (packs/month)': 12.0, 'Alcohol (drinks/week)': 2.0, 'Family Cancer History': 1.0, 'Physical Activity (hours/week)': 11.0, 'Processed Food Intake (per week)': 2.99, 'BMI': 25.66, 'Age': 19.0, 'Pollution Exposure (scale 1-10)': 4.0, 'Occupational Hazard': 0.0, 'CA 19-9': 45.0, 'Bilirubin': 0.3, 'HIV Status': 0.0}",0,"Even though the predicted cancer risk is currently low (0), the user's profile indicates some areas for improvement to maintain long-term health and further minimize cancer risk.  Focusing on preventative measures at a young age is crucial.  Here's a personalized recommendation based on the provided data:

**Key Areas of Concern:**

* **Smoking:** 12 packs/month is significant and a major contributor to various cancers. This needs to be addressed urgently.
* **BMI:**  25.66 indicates being overweight. While not drastically high, maintaining a healthy weight range is important.
* **CA 19-9:** A value of 45.0 warrants further investigation. While not definitively diagnostic of cancer, it can be elevated in certain conditions, including some cancers. Discuss this value with a doctor to determine if further testing is needed.


**Lifestyle Recommendations:**

1. **Smoking Cessation:** This is the single most important change.  Consider professional help, nicotine replacement therapy, support groups, and developing coping mechanisms to quit.  
2. **Improve Diet & Nutrition:**
    * **Reduce processed food intake:** Aim for less than 2.99 servings per week by replacing processed foods with whole grains, fruits, vegetables, and lean protein sources.
    * **Maintain a healthy weight:**  Combine regular exercise with a balanced diet to reach and maintain a BMI within the healthy range (18.5-24.9). Consult a nutritionist for personalized dietary guidance.
3. **Increase Physical Activity:** 11 hours/week is good, but diversifying activity and including strength training can further benefit overall health and weight management. 
4. **Limit Alcohol Consumption:** While 2 drinks per week is relatively low, minimizing alcohol intake is always beneficial for long-term health.
5. **Monitor & Manage Stress:** While not explicitly provided, stress management is important for overall health and can indirectly impact other lifestyle factors. Explore techniques like meditation, yoga, or spending time in nature.
6. **Regular Health Check-ups:**  Given the family history of cancer and the elevated CA 19-9 marker, regular check-ups with a doctor are vital for early detection and preventative care. Discuss the CA 19-9 value and inquire about appropriate screening tests based on age and family history.
7. **Minimize Pollution Exposure:** While a score of 4 isn't extremely high, consider ways to reduce exposure, such as using air purifiers indoors and being mindful of outdoor air quality levels.
8. **Maintain Awareness:** Stay informed about cancer prevention and early detection guidelines.  Continue to track your health data and discuss any concerns with your doctor.


**Important Note:** This information is for general knowledge and support only and does not constitute medical advice. It is crucial to consult with a qualified healthcare professional for personalized recommendations and any health concerns.  They can provide accurate diagnoses, order necessary tests, and create a tailored plan based on your individual circumstances.  Do not self-treat based on online information.  Early detection and appropriate medical care are vital for the best health outcomes. 
"
310623104126,"{'Smoking (packs/month)': 12.0, 'Alcohol (drinks/week)': 2.0, 'Family Cancer History': 1.0, 'Physical Activity (hours/week)': 11.0, 'Processed Food Intake (per week)': 2.99, 'BMI': 25.66, 'Age': 19.0, 'Pollution Exposure (scale 1-10)': 4.0, 'Occupational Hazard': 0.0, 'CA 19-9': 45.0, 'Bilirubin': 0.3, 'HIV Status': 0.0}",0,"Even though the predicted cancer risk is currently low (0), it's important to maintain and improve your health, especially given some of your inputs.  A risk level of 0 doesn't guarantee future health and proactive healthy choices are always beneficial. Here's a personalized plan based on your data:

**High Priority:**

* **Smoking Cessation:** 12 packs a month is a significant risk factor for several types of cancer and other health problems. This is the single most impactful change you can make. Seek professional help and support to quit. There are resources like nicotine replacement therapy, counseling, and support groups that can significantly increase your chances of success.
* **Moderate Alcohol Consumption:** While 2 drinks a week isn't excessive, be mindful of your intake and avoid exceeding recommended limits.

**Medium Priority:**

* **Maintain Physical Activity:** 11 hours a week is excellent.  Keep up this routine, aiming for a mix of cardio and strength training. This will contribute to overall health, including weight management and stress reduction.
* **Healthy Diet:** While your processed food intake seems relatively low (2.99 per week), strive to further minimize it and focus on whole, unprocessed foods like fruits, vegetables, lean proteins, and whole grains.  This will improve your overall nutrition and potentially reduce long-term cancer risk.
* **BMI Monitoring:** Your BMI is in the overweight category (25.66). While not drastically high, aim to bring it closer to the healthy range (18.5-24.9) through diet and exercise. This will reduce your risk of various health issues, including some cancers.
* **Family Cancer History:** Since you have a family history of cancer (1.0 suggests some level of history), regular check-ups and screenings are crucial. Discuss your family history with your doctor to determine appropriate screening schedules and preventative measures.

**Low Priority (but still important):**

* **Pollution Exposure:** While you have moderate pollution exposure (4/10), try to minimize exposure where possible. Consider using air purifiers indoors and staying informed about local air quality.
* **CA 19-9 Levels:** Your CA 19-9 level is elevated (45.0). While this marker isn't always specific to cancer, it warrants further investigation with your doctor. It could be related to other conditions, but it's important to rule out any serious issues.  Further testing might be recommended.

**General Recommendations:**

* **Stress Management:**  Practice stress-reducing activities like yoga, meditation, or spending time in nature.
* **Adequate Sleep:**  Aim for 7-9 hours of quality sleep per night to support overall health and well-being.
* **Regular Check-ups:**  Maintain regular check-ups with your physician and discuss any concerns or changes in your health.

**Important Note:** This advice is based on the limited information provided and is not a substitute for professional medical advice.  Consult with your doctor or a qualified healthcare professional for personalized recommendations and to address any specific concerns you may have. They can help interpret your CA 19-9 levels and other health data within the context of your overall health.  Regular check-ups and open communication with your healthcare provider are essential for preventative care and early detection.
"
